region,product_code,is_priority,avg_monthly_spend,satisfaction_score,churn_risk,lifetime_value
South,104,False,102.67,3.4,0,1175.0
West,103,False,68.43,2.6,0,722.0
East,101,True,139.22,1.2,1,1645.0
South,104,True,178.7,2.3,0,1244.0
North,104,True,210.09,4.2,0,728.0
North,103,True,152.96,1.0,0,1104.0
North,101,True,215.14,2.3,1,1694.0
West,103,False,94.8,2.6,1,445.0
East,101,True,81.86,3.1,1,2337.0
East,105,False,147.78,4.7,0,1449.0
North,102,False,165.36,2.4,1,1387.0
West,102,True,148.69,2.4,1,1619.0
West,102,False,67.3,4.0,0,2140.0
North,103,False,146.44,2.8,1,1156.0
North,105,True,97.82,1.9,0,1550.0
North,101,False,176.79,2.8,0,670.0
South,104,False,164.66,1.6,0,2793.0
South,101,False,112.4,1.7,0,1062.0
South,104,False,129.45,3.0,0,845.0
North,101,False,107.63,2.7,0,803.0
East,105,False,147.49,4.7,0,544.0
North,104,True,188.21,2.4,0,925.0
North,103,False,110.57,3.3,0,224.0
South,101,False,170.16,3.5,0,1792.0
South,101,False,128.79,1.1,0,1381.0
East,104,False,118.29,3.7,0,495.0
North,103,False,145.72,1.7,0,1135.0
South,103,False,108.59,4.8,0,987.0
South,105,False,127.85,1.6,1,573.0
North,103,False,102.08,2.7,0,934.0
East,103,False,228.59,1.3,0,1149.0
North,103,False,151.41,5.0,0,854.0
North,102,False,122.01,3.0,1,779.0
West,105,False,158.56,3.4,0,644.0
West,101,True,145.51,1.3,1,827.0
West,104,False,141.16,4.0,0,938.0
South,101,False,174.57,1.8,1,1455.0
North,105,False,180.3,4.6,0,2533.0
East,104,False,128.78,1.8,1,1966.0
South,105,False,126.97,1.8,0,1060.0
North,103,False,139.0,1.1,0,661.0
South,104,True,57.92,2.9,0,1627.0
North,103,False,89.39,3.3,0,1458.0
West,101,True,204.67,1.3,0,2252.0
North,101,False,215.8,4.1,1,1483.0
East,104,False,140.04,2.8,1,2688.0
South,104,False,173.06,3.1,0,1317.0
South,105,False,162.45,2.8,0,966.0
South,105,False,273.16,2.6,0,1276.0
North,103,False,194.78,3.2,0,1652.0
West,104,False,144.88,1.6,0,749.0
East,101,False,111.78,1.7,0,2771.0
West,105,False,85.74,4.4,0,1324.0
West,105,False,158.14,4.8,0,1151.0
South,101,False,119.75,2.5,0,1064.0
West,105,False,93.11,2.1,0,936.0
North,103,True,124.14,3.6,0,390.0
North,104,False,106.74,2.6,0,707.0
North,101,True,217.49,1.1,1,2695.0
South,104,False,185.27,1.6,0,1326.0
South,105,False,149.68,3.9,0,2105.0
North,105,False,209.2,3.6,0,2258.0
West,101,False,153.09,1.1,0,1198.0
South,103,True,115.55,1.9,1,1447.0
North,102,True,210.92,1.9,0,560.0
South,101,False,171.56,3.7,0,2533.0
North,102,False,108.51,1.1,0,2192.0
West,102,True,142.39,1.4,1,1411.0
North,103,True,114.98,4.2,1,1303.0
West,102,False,94.69,1.7,0,938.0
East,102,True,187.05,3.6,0,2230.0
North,103,False,226.38,2.0,0,1761.0
North,102,False,94.06,1.4,1,717.0
West,102,True,172.52,2.0,0,555.0
East,102,True,123.97,3.9,1,612.0
East,101,False,130.51,4.4,0,2170.0
East,101,False,126.3,4.3,0,1172.0
North,101,False,115.44,2.6,0,1409.0
South,103,False,151.94,3.7,0,1069.0
North,105,False,116.76,1.8,0,494.0
West,102,False,160.82,2.2,0,485.0
East,102,False,147.99,4.6,0,984.0
South,103,False,140.44,1.1,0,796.0
North,102,True,113.7,1.3,0,853.0
South,101,False,126.93,1.8,0,807.0
South,105,False,180.22,1.1,1,3318.0
East,104,False,170.04,1.7,1,2112.0
East,102,False,110.9,3.3,1,1213.0
West,101,True,153.97,2.7,1,1058.0
South,104,False,180.06,4.6,0,1132.0
North,105,True,83.22,4.3,0,1561.0
East,104,False,171.73,2.4,0,1223.0
East,101,True,123.5,2.0,0,1920.0
South,104,True,172.82,2.5,0,1581.0
East,103,True,119.47,3.4,1,3346.0
South,104,False,77.8,2.1,0,873.0
South,102,False,84.9,3.5,0,1975.0
South,102,False,151.92,2.6,0,611.0
North,103,False,160.39,3.2,0,734.0
North,101,False,113.83,2.7,0,3085.0
North,102,False,175.54,2.2,0,1720.0
East,105,False,83.54,4.8,1,1430.0
South,102,True,147.36,4.1,0,3830.0
South,102,False,101.56,1.6,0,1028.0
West,101,True,123.93,4.5,1,2057.0
North,104,False,151.9,2.9,1,2282.0
South,102,True,115.58,4.6,1,2658.0
East,103,False,134.62,4.2,1,591.0
North,104,False,190.25,2.7,0,1009.0
North,105,False,126.92,1.1,0,1323.0
North,101,True,183.43,2.1,0,2608.0
North,105,False,104.81,3.2,0,1421.0
West,104,False,171.19,3.5,0,2208.0
West,104,False,207.66,2.0,0,756.0
East,104,False,51.13,1.6,0,711.0
West,105,False,118.12,4.3,0,2212.0
West,104,False,173.08,4.9,0,1148.0
North,105,False,141.88,3.1,0,1005.0
West,104,False,164.85,1.7,0,2532.0
South,103,False,125.84,2.1,0,526.0
West,104,True,153.46,1.1,1,932.0
West,105,False,143.77,4.7,0,594.0
South,102,False,196.71,1.5,0,2742.0
North,104,False,160.18,3.3,0,1925.0
North,102,False,163.5,2.1,1,1919.0
South,103,False,133.52,3.2,0,981.0
West,101,False,130.5,3.6,0,523.0
West,103,True,132.7,4.3,0,341.0
North,104,False,165.78,1.8,0,2308.0
South,102,False,133.16,1.0,1,1412.0
South,102,False,161.59,1.5,0,1800.0
North,105,True,233.02,4.6,0,1617.0
North,102,False,184.84,4.5,1,718.0
South,105,False,136.96,3.4,1,808.0
West,101,False,198.05,3.4,0,575.0
South,104,False,133.68,3.7,1,697.0
South,105,False,68.48,1.7,0,1687.0
East,101,False,109.68,4.7,0,453.0
South,102,False,75.17,2.7,0,515.0
West,102,True,135.94,2.5,0,937.0
West,101,False,150.74,3.1,0,1116.0
North,102,False,217.06,1.2,1,505.0
South,101,False,163.08,1.7,1,1515.0
South,105,False,141.24,4.0,0,1346.0
North,105,False,183.18,1.3,1,2479.0
North,101,False,61.55,3.4,0,1042.0
East,105,False,159.42,2.0,0,1409.0
South,105,False,180.83,2.6,0,988.0
North,105,True,90.86,2.2,0,710.0
North,103,True,195.75,2.4,1,571.0
West,104,False,163.54,3.9,1,945.0
North,102,False,133.39,2.2,0,951.0
North,103,False,175.31,3.3,0,2306.0
South,105,True,240.83,2.9,0,1003.0
West,101,False,157.27,3.7,0,3540.0
North,105,False,159.93,4.7,1,1683.0
East,104,False,131.63,3.9,0,1295.0
East,105,False,116.01,1.9,0,1056.0
North,101,False,183.21,1.1,0,1265.0
East,104,False,115.76,2.0,0,691.0
South,105,False,152.86,3.4,0,492.0
East,104,False,130.89,1.2,0,659.0
East,102,True,169.16,3.0,0,2720.0
South,102,False,163.35,3.4,0,1621.0
North,105,False,191.5,2.3,1,2941.0
West,104,False,129.6,4.1,0,703.0
South,101,False,139.21,1.4,0,508.0
North,105,False,110.85,1.3,1,1011.0
North,102,False,132.23,3.9,0,796.0
South,102,False,165.09,3.0,1,1372.0
East,105,False,180.28,3.8,0,461.0
North,104,True,113.11,2.7,0,393.0
South,102,False,184.78,2.0,0,1602.0
North,104,True,204.23,4.3,0,2996.0
East,102,False,166.54,4.2,0,1607.0
North,102,False,225.07,3.8,0,1587.0
East,103,True,119.05,2.1,0,1182.0
South,102,False,100.21,3.4,0,1141.0
West,101,False,78.85,2.4,0,425.0
North,105,False,209.84,1.4,1,959.0
South,105,True,176.17,4.7,1,2363.0
North,104,False,147.78,1.5,1,987.0
West,102,False,161.2,4.8,0,2105.0
West,101,False,104.98,2.8,0,1147.0
North,104,False,247.83,1.7,0,1700.0
East,103,False,155.17,3.2,0,1095.0
West,104,False,154.38,4.5,0,1547.0
South,104,False,179.03,3.9,0,1854.0
South,102,False,169.24,4.2,0,636.0
North,103,False,158.96,3.6,0,626.0
North,104,True,118.38,3.8,0,433.0
West,101,True,168.86,4.4,0,1447.0
West,101,False,225.28,2.0,0,1563.0
East,105,False,203.82,3.0,1,4248.0
South,103,False,213.73,1.9,0,1414.0
South,103,True,129.55,5.0,0,1041.0
East,105,True,110.42,4.8,0,1259.0
West,104,True,144.97,1.2,0,1351.0
West,103,False,152.23,3.8,0,968.0
East,101,False,193.77,4.7,0,848.0
